id,name,surname,age,email,phone_number,hire_date,pay,bank_account_number
9cd2061f-4374-4bba-80d4-187b2d41fb71,Christine,Mack,28,christine.mack@wiseway.com,807929027,2015-01-01,5400,PL16124197517143930962592218
b6acc3f4-c267-4494-a99a-792f39c49859,Kevin,Pratt,60,kevin.pratt@wiseway.com,545796575,2015-01-01,5400,PL57160770120632443915893469
8b4bd5f3-61d8-4789-8463-b34af637657d,Daniel,Torres,70,daniel.torres@wiseway.com,506130084,2015-01-01,5800,PL67770060149387506671976649
73e22284-6a59-4995-95c0-6db2fa2aad8c,Vickie,Mcdowell,41,vickie.mcdowell@wiseway.com,817181983,2015-01-01,5600,PL66237597105287261622346710
479a1c14-5365-4623-866a-67bdb3cc80ba,Timothy,Jones,28,timothy.jones@wiseway.com,803644146,2015-01-01,5000,PL88953069522926025071517176
276d1477-abca-4245-8c57-3d1c4c318d3c,Erin,Wiley,42,erin.wiley@wiseway.com,485359632,2015-01-01,5600,PL23796552725683627033209449
04a31815-3895-48a2-9fb0-1967e25b5cc2,Ann,Shaw,67,ann.shaw@wiseway.com,885227290,2015-01-01,5200,PL20450122056517164796053528
8e30c4aa-043f-438d-8d24-994b2bd37f21,Rachel,Smith,34,rachel.smith@wiseway.com,121464734,2015-01-01,5200,PL41370850265673255821508093
ee1a3c62-3485-42d4-8965-6e9989ba67b6,Matthew,Jimenez,56,matthew.jimenez@wiseway.com,928316565,2015-01-01,5000,PL43577126643228350990375910
3cb62c47-d8df-4bc5-b07a-3830a11725ee,Dawn,Carr,47,dawn.carr@wiseway.com,118508011,2015-01-01,5200,PL47730123283164854295634614
dbb5364c-6092-4af5-ba46-1616235769fc,Kristi,Lawrence,20,kristi.lawrence@wiseway.com,511192745,2015-07-28,5800,PL33102902959298860689941782
d2735dd1-0fb4-4eea-93aa-ec2b346b5d34,Carl,Martinez,37,carl.martinez@wiseway.com,636821681,2015-07-01,5400,PL67720637259011170527434026
2ee24af0-5a84-4439-88be-6ba9a99498df,Janet,Johnson,48,janet.johnson@wiseway.com,146322939,2015-09-23,4800,PL54814126052397815366336837
971414a5-13f9-4a88-a0f6-decfd1a7245f,Steven,Burns,39,steven.burns@wiseway.com,653832921,2016-09-01,4800,PL39037059572260011902147158
fba139df-f2c1-472f-af3d-dd04f3ab1027,Andrew,Hunt,48,andrew.hunt@wiseway.com,707403159,2017-12-09,5800,PL73756877438677412296848880
f663ad45-3fe3-4620-9b1d-7d38ba76d0a6,Mark,Jones,47,mark.jones@wiseway.com,270625679,2018-09-26,5600,PL61179836763348726758069184
d9747e56-01b0-49b2-af72-0695a0eb8dec,Eugene,Solis,44,eugene.solis@wiseway.com,877791334,2018-04-29,4800,PL46095725806781685405883131
17fd8ab7-65ae-44be-a5f7-fc1a6860d53c,Rebecca,Alvarado,43,rebecca.alvarado@wiseway.com,402674282,2018-04-24,5600,PL62609920958967640469136644
6dd9c83c-37a4-4f3c-943d-d8df43972d93,Latoya,Harper,53,latoya.harper@wiseway.com,538474772,2016-03-14,4800,PL29550026669182938051708318
c85b266d-5771-48e9-bd36-8259a92961a1,Jesse,Hobbs,69,jesse.hobbs@wiseway.com,647056510,2017-07-20,5000,PL61478441191988590676656291
0461cd43-0b1f-476a-81a6-35a7af72efd0,Rachel,Cox,49,rachel.cox@wiseway.com,814630504,2017-07-30,5200,PL68441208453398250657410010
73210c87-d789-47d3-993f-72fb33c23cf1,Eric,Bonilla,51,eric.bonilla@wiseway.com,689751155,2018-10-02,5400,PL56694773597275621682146570
5fa9b121-2207-4eb2-9b45-bbbdd646d116,Martha,Harvey,27,martha.harvey@wiseway.com,160627604,2016-05-27,5200,PL50371052463723288021217389
f4153463-cd0b-47a8-a3cf-0c88d513104d,Kristopher,Mclaughlin,44,kristopher.mclaughlin@wiseway.com,971321641,2015-10-05,5400,PL87692327787786237441884174
f5ea4598-4bd3-4e78-a53d-f3e375540d29,Sara,Murphy,58,sara.murphy@wiseway.com,606634064,2015-09-07,5200,PL54196341391165415141878690
3f4138b3-9215-4e37-9b4c-0ff2bce4776d,Jim,Jimenez,55,jim.jimenez@wiseway.com,653113457,2015-10-07,5600,PL92059398765882953594237151
76dacaa9-07dd-41a9-866a-f6edb9c655ba,Keith,Brooks,24,keith.brooks@wiseway.com,101958793,2016-11-29,5600,PL23772322572993189673076276
89c9e6c6-9a2c-4bdc-89a7-d1ea5f81d122,Brandon,Munoz,45,brandon.munoz@wiseway.com,974435643,2016-09-07,5000,PL88248133467074553821195436
e17b2f03-2c7f-434a-a7e3-e0321cfe50ab,Jared,Suarez,68,jared.suarez@wiseway.com,557174660,2017-06-15,4800,PL99041804779445596135913753
ba0ce129-0281-4a06-b352-bb8055a3c863,Ashley,Brewer,69,ashley.brewer@wiseway.com,940582498,2016-07-18,5600,PL50005634922353335239265012
9f927d4a-939f-4245-a024-fcfa7bd32102,Kyle,Reynolds,24,kyle.reynolds@wiseway.com,756894675,2017-09-18,5400,PL13420926529178680636464126
19d45c2a-f1a3-4c8a-87a1-3fbacbe13745,Jennifer,Ayala,36,jennifer.ayala@wiseway.com,467672680,2017-04-07,5600,PL73820269755112358293117614
5403eb83-adc7-44b8-9441-14685b1844d5,Tara,Day,23,tara.day@wiseway.com,787087076,2015-09-28,5400,PL50394591218275379564377797
6aef3ec6-83e6-4a1e-bd7b-1df5bec4a98a,Michelle,Huffman,70,michelle.huffman@wiseway.com,464319741,2016-09-29,5800,PL19212797696017246635230409
cb38fa6f-4bf4-4336-8b0d-296e457c1df8,Logan,Rivera,43,logan.rivera@wiseway.com,489892912,2018-09-10,5000,PL31321762196553720438617017
546075da-0f2f-4203-a4be-15e1eb6ebb0a,William,Allen,29,william.allen@wiseway.com,219342281,2017-04-03,4800,PL26095453401340137947268234
ee5db3b5-19d8-4ea6-869a-b536380e320b,Christopher,Black,45,christopher.black@wiseway.com,851834423,2015-10-22,5200,PL55483662482011803210822664
25b6d967-16cf-4dbb-b3df-2f8c2832f262,Benjamin,Richardson,26,benjamin.richardson@wiseway.com,932937713,2015-07-09,4800,PL88478063160834806577976432
a619426e-c191-4dc1-b69c-c56281f8f5d7,Ashley,Jones,20,ashley.jones@wiseway.com,264238391,2015-06-17,5200,PL88815528008096810404882603
22f92603-7fa6-47bd-b6f2-2b7ef607f5f6,James,Knight,31,james.knight@wiseway.com,462197642,2015-03-06,5200,PL45021409326272925896735005
ce231b8d-bd9d-489f-8e77-cbf47154d3af,Wayne,Decker,20,wayne.decker@wiseway.com,806665606,2017-03-24,4800,PL48081224197228126668635070
06947c4c-769a-43f8-aa0e-0c4c6068f85a,Aaron,Poole,34,aaron.poole@wiseway.com,623431006,2015-12-25,5400,PL85153862290770040379912072
339fe760-a835-49b1-bf80-3eb347b4c463,Lisa,Moses,20,lisa.moses@wiseway.com,508960130,2016-10-23,5600,PL36057032426103907429444757
cd6a1aca-6c72-4001-b47a-8feae9be338d,Christine,Schultz,40,christine.schultz@wiseway.com,282319158,2015-09-07,5400,PL63542568983808944052406029
a87c1349-f217-45dd-8174-1f555eb648b5,Hannah,Long,35,hannah.long@wiseway.com,558432151,2015-04-24,5200,PL56831719328122977444989010
668429b3-0d43-4104-bf8f-594b42334eec,Tracy,Rogers,53,tracy.rogers@wiseway.com,853753447,2016-06-07,4800,PL62798194246925880802043548
0383f9e7-87c6-4ca0-9e8f-5da7723bdbb2,Christopher,Horn,47,christopher.horn@wiseway.com,757031371,2018-08-01,5000,PL60901562381119444594404168
c2a80c88-c7a1-4fa2-8a08-d212d7f64419,Courtney,Jones,51,courtney.jones@wiseway.com,819630008,2016-01-30,5000,PL64351310301441049865977106
9663a636-edb5-4dd5-839b-76bb3034341f,Katelyn,Payne,67,katelyn.payne@wiseway.com,896088627,2015-09-23,4800,PL67679167833541067770066953
b9749796-273b-42ab-8032-1af2c9687933,Brian,Rogers,31,brian.rogers@wiseway.com,130912021,2016-08-04,5400,PL54029562533162664919528421
45c05b6f-9994-4df1-a27b-47c4a5728bf1,Donna,Patton,58,donna.patton@wiseway.com,507280290,2017-01-23,5600,PL53558805962871415310729223
1b472c2e-5902-40cf-b6ab-30fd30ddf8b5,Anne,Ross,51,anne.ross@wiseway.com,440145322,2016-04-24,5600,PL66025751836178541397799765
3d1dcfa4-7dfc-437f-b1da-cc91cb683958,Paul,Myers,59,paul.myers@wiseway.com,216594137,2017-02-02,5800,PL93120336062284848754499963
6619a918-224b-4f54-9294-14f34e5c46f1,Lawrence,Williams,21,lawrence.williams@wiseway.com,443262228,2017-07-19,5000,PL19448437871132812781123053
a3c0dd62-75ca-46d5-9cc4-1e06c2d9d4bd,Jennifer,Adams,70,jennifer.adams@wiseway.com,540080587,2017-01-26,5800,PL48598081207028584680042776
d0d9632f-e225-4ace-95b8-b3f119163354,Douglas,Kaiser,37,douglas.kaiser@wiseway.com,373848994,2015-05-27,5800,PL56649362079524385157589431
cf0bc391-249d-4617-8604-10038913002e,Brandi,Berger,66,brandi.berger@wiseway.com,945892847,2015-02-14,5800,PL61529794665948274836563981
08b38958-5dcd-4195-a0ac-825136262cb1,Andrew,Ramirez,54,andrew.ramirez@wiseway.com,810076410,2017-10-18,5600,PL34710975064746010032814168
d8847288-9dfd-43b8-a838-0a289f0aedc2,Tony,Smith,60,tony.smith@wiseway.com,960120319,2016-08-22,5800,PL45686374967990488682171463
b58bea1b-2bf5-41aa-8530-df669f6f97db,Jay,Novak,29,jay.novak@wiseway.com,975342002,2016-01-12,5600,PL17842278125009928451783130
8301cf8d-379f-496f-aa67-7b71bfdea7db,Amanda,White,35,amanda.white@wiseway.com,866193275,2016-12-21,5000,PL68613734197234666257406360
9ce2ba91-2c19-4e57-b394-a14b08f20f06,Thomas,Yates,64,thomas.yates@wiseway.com,293327627,2018-03-13,5000,PL33728096172456070168984486
849b8600-e723-48bb-a410-8b1ca0df11ba,Katherine,Aguilar,67,katherine.aguilar@wiseway.com,129498679,2017-09-26,5000,PL58313543370145292974932696
208b5658-f48a-47af-84d2-c833d7c25fe3,Joshua,Edwards,58,joshua.edwards@wiseway.com,993801526,2016-01-26,5600,PL66545930432450493793925676
fe28b51e-8d13-4ba0-8bf7-c7c14229dd9a,Jennifer,Scott,69,jennifer.scott@wiseway.com,987143903,2017-04-14,4800,PL39439384734633692345457971
bb1e7abf-b041-4521-908b-d57c826cd89b,Helen,Mueller,32,helen.mueller@wiseway.com,401842040,2016-04-05,4800,PL43842714612585970715470651
75347af3-7097-4241-9375-5f0564ae7b39,Charles,Murray,42,charles.murray@wiseway.com,152273350,2015-12-26,5600,PL10053724708518068354628297
821ebbad-0341-43d8-b1ed-c97e76082cd2,James,Hernandez,66,james.hernandez@wiseway.com,986255002,2017-09-01,5600,PL48539325150291981887531136
9d631403-1681-4d54-b796-9802929e4f29,Mark,Mckenzie,20,mark.mckenzie@wiseway.com,799856337,2015-03-09,5000,PL74862271298999436333835507
1f33ae7b-9460-48f4-bcdd-d6fcb8135707,John,Herrera,30,john.herrera@wiseway.com,415171506,2017-08-26,4800,PL75476042280474936016602276
ed36004b-69c7-43f2-8887-7571050689c2,Alexis,Lindsey,21,alexis.lindsey@wiseway.com,331632125,2016-09-27,4800,PL19953818642208177837947812
6f3f30b4-9f83-4d7b-8f2c-db1823a00363,Michael,Wright,64,michael.wright@wiseway.com,529201825,2016-05-13,5400,PL41785557866633632917064377
388e60a7-048a-42b8-a6d1-31f1c5ccd34b,Amy,Brown,70,amy.brown@wiseway.com,740699964,2015-08-31,5200,PL46587785673140261060019102
59406af2-4122-4692-8895-b32f9bec4470,Stephanie,Martinez,31,stephanie.martinez@wiseway.com,884062756,2016-11-01,5600,PL33614468242776363308551797
3b68b393-bf31-40f2-a4e3-69a84db87788,Dustin,Smith,61,dustin.smith@wiseway.com,552062357,2016-06-22,5200,PL83498376194367542189724307
62cb6719-7a3c-41c8-9a6e-be63e183e1db,William,Stafford,21,william.stafford@wiseway.com,196833335,2017-04-12,5800,PL99602148555500425666407929
00457e70-5be8-4c8f-84c6-da9ec05e5f0e,Christopher,Duffy,46,christopher.duffy@wiseway.com,940162564,2015-01-27,5800,PL54184038152641192433608314
c8ea44fe-3299-4947-b735-0d2df379eec3,Gina,Watson,61,gina.watson@wiseway.com,997413292,2016-12-24,4800,PL70725614687382033339875994
59bac48f-b10e-4b6c-b640-ce1995e855c4,Samantha,Terry,34,samantha.terry@wiseway.com,248419593,2018-06-14,5600,PL23389141904861976162737360
2050f282-8bd8-4b98-a281-b725377c7297,Allison,Sheppard,44,allison.sheppard@wiseway.com,486206000,2018-04-21,5000,PL50765283036321993037634229
8f7cc46f-b7ed-4359-aa66-4fe947e8e5bb,Lauren,Williams,65,lauren.williams@wiseway.com,921643506,2016-10-07,5200,PL23587139255457844430715841
4566c34e-162b-45ea-8051-a6a6f18a6a26,Mario,Watson,40,mario.watson@wiseway.com,410592468,2016-05-06,5800,PL37348785090510056731905161
57087aac-449d-49dc-8a15-4dc5e4d0e691,Tracy,Li,59,tracy.li@wiseway.com,711769409,2018-07-20,4800,PL41052899111009740874131634
067e6987-cb11-4687-811e-1e91f2b8a168,Kristy,Medina,42,kristy.medina@wiseway.com,841895320,2017-05-23,4800,PL16785195407153144991745323
7facd90d-3f4f-4f8c-adf5-9fab8eaecbbe,Kevin,Blackwell,59,kevin.blackwell@wiseway.com,946370646,2018-08-03,4800,PL30882611699154702114554877
e82527eb-3f3c-4408-aa8e-c193fee88a38,Maria,George,62,maria.george@wiseway.com,439395912,2016-04-03,5200,PL63666877909350966842328381
c4bfc7e8-7095-435f-aca8-e7c12a3789d6,Corey,Hernandez,51,corey.hernandez@wiseway.com,684058010,2015-11-16,5800,PL50994109942193880083894837
685edb0c-fa76-48b5-b5f8-13789f77b955,Katherine,Soto,40,katherine.soto@wiseway.com,517391098,2015-06-21,4800,PL11243738354060764163516648
eb4a6e50-2d5f-4f3d-959e-305e611ec916,Frank,Vaughn,40,frank.vaughn@wiseway.com,877876394,2016-05-18,4800,PL78673294264151237209781749
181a2ad3-a719-4e3f-a20f-961c7f115303,Alicia,Curtis,29,alicia.curtis@wiseway.com,744657302,2016-06-03,5400,PL11500364595277319397096353
83e76491-991e-43f4-8b06-b660225df743,Luis,Cortez,70,luis.cortez@wiseway.com,971104995,2016-05-23,5800,PL24070196200792470736474512
be6cb50c-85d0-4d22-981a-7ae4a003690b,Kevin,Ortiz,69,kevin.ortiz@wiseway.com,436488928,2017-03-04,5600,PL81125949887266233073321552
71650006-3149-45bd-ada8-08ba34105875,Wendy,Schmidt,53,wendy.schmidt@wiseway.com,935004384,2017-10-28,5000,PL97809753059598197129931432
5aaffc70-a140-4590-83cc-efc5e9b4051f,Austin,Smith,39,austin.smith@wiseway.com,951868997,2015-02-26,4800,PL35555073450193670046769179
955f1a46-35dd-4cc0-b7d8-a2ff94d30a29,George,Hester,56,george.hester@wiseway.com,142557190,2017-04-26,5400,PL74687683002220324182389376
d90b7947-596b-4856-a7d2-df28e24d0e58,Melissa,Thomas,29,melissa.thomas@wiseway.com,104751196,2015-08-20,5400,PL77394989475532485635541967
cd259eba-6743-4865-b042-891569b8c5a3,Cynthia,Buck,54,cynthia.buck@wiseway.com,583165205,2015-01-24,4800,PL31270370977461998022688327
52ad132e-881f-4e62-9a0f-245b97cacb96,Matthew,Cunningham,19,matthew.cunningham@wiseway.com,879882541,2015-06-10,5800,PL37288025292750054453561940
a78846ca-501e-44c6-a12e-08af6b4c76cc,Tiffany,Franco,29,tiffany.franco@wiseway.com,220903971,2016-01-07,5600,PL20502210381902556426087925
91ecd432-205a-4bab-a434-944c86d94e4b,Rachel,Watkins,68,rachel.watkins@wiseway.com,610451605,2018-04-10,4800,PL88017037311390295252847420
49f6d4ff-0cf7-4c49-8411-3f40f5f6badf,Anthony,Smith,70,anthony.smith@wiseway.com,937756139,2016-12-17,5200,PL16315332697717648117938942
480e5d9f-56a8-48a7-9816-d0d62460b592,Richard,Hanna,60,richard.hanna@wiseway.com,791539936,2016-07-31,5000,PL37801998098546970903364256
00591e11-7db8-412a-bd46-cde50f5fc715,Brian,Bennett,50,brian.bennett@wiseway.com,506513366,2016-11-20,5800,PL90997624244975746346529527
f5fba237-2930-4a89-8e3f-52fd8d85a4ef,Virginia,Benjamin,59,virginia.benjamin@wiseway.com,989203351,2017-05-30,5800,PL88993091282495535916836115
afc7962c-38f5-477c-9057-798e84dd015e,Erin,Mendoza,31,erin.mendoza@wiseway.com,910200946,2017-02-24,5600,PL55361578332819350902495532
17e45a52-82c9-444d-86aa-3e6ec514c07a,Anna,Wade,30,anna.wade@wiseway.com,684406325,2017-07-20,5800,PL70972986557831357326405104
a7affdb4-b204-4add-bb90-8e46e11da6b5,Danielle,Miller,38,danielle.miller@wiseway.com,418345525,2017-03-29,5600,PL55535548269616459153635810
83cfbeaa-c652-4519-874e-1e39caa9175b,Catherine,Allen,32,catherine.allen@wiseway.com,105022812,2018-04-17,5600,PL64861012900385113911303448
f912d1cc-6fd3-45c8-98dd-5f98bf0cf66f,Sandra,Price,19,sandra.price@wiseway.com,260746192,2017-02-14,5000,PL18491700017235815181882977
a388ab93-4322-494b-b091-c881086e757a,Brian,Mcpherson,55,brian.mcpherson@wiseway.com,529798457,2015-09-23,5400,PL90944002455399151296200544
84a2719b-c80b-4e4d-bf13-63adcfa93341,Dave,Vargas,33,dave.vargas@wiseway.com,979875855,2018-11-27,5400,PL28123878961078747325325518
af8505aa-15cf-47d3-abeb-c3e76003f599,Anne,Pierce,30,anne.pierce@wiseway.com,462052329,2015-09-11,5000,PL18433553281408882946022272
8ed2d9f2-a52c-4e2f-9ea5-00c440480185,Stacy,Cox,42,stacy.cox@wiseway.com,524177803,2018-05-01,5200,PL82149673123101005993576814
08bb44ce-c554-417c-95f0-d79494e53b32,Luis,Jimenez,33,luis.jimenez@wiseway.com,897383096,2015-02-05,5600,PL10407811930618065549519989
c7e25c2a-c981-49f7-b0eb-1d05a87e6a71,Peter,Pierce,64,peter.pierce@wiseway.com,470888430,2015-09-10,5200,PL94071248932489922684323737
7fc71398-784b-4386-bc07-70fd51fdd06f,David,Harris,22,david.harris@wiseway.com,351916476,2015-12-16,5600,PL45018168342453492253945828
ae45f731-d3f8-44c3-a9a8-2710a33cca6d,James,Wyatt,42,james.wyatt@wiseway.com,776751503,2018-06-05,5400,PL15188456333898980321453779
9d188548-b575-4b8c-869b-e283b5253ad3,Roberto,Hubbard,70,roberto.hubbard@wiseway.com,876566897,2015-12-10,5600,PL85639047097666082019903919
32f0634a-700b-4752-ac1e-f054f5059dd5,Heather,Hicks,34,heather.hicks@wiseway.com,874358873,2016-01-22,5000,PL23333624670210696263877884
526a6e6c-50fd-4feb-95f8-1dae46b84d07,Colin,Harris,41,colin.harris@wiseway.com,362523158,2017-01-31,5000,PL81947670744961350974522077
042310ce-790b-4246-a7d9-87cb923ebf3e,Louis,Williams,28,louis.williams@wiseway.com,497215811,2015-03-12,5000,PL58411490971445083719858702
5770dcdc-4e8d-436e-8ee5-a0ab7c97e60b,Amanda,Brown,56,amanda.brown@wiseway.com,762002005,2017-08-04,5600,PL91245116078084290534516459
4971657a-0034-4866-b56b-e42b50e7bbf3,Gerald,Holden,52,gerald.holden@wiseway.com,637226176,2015-03-02,5600,PL39903409804316290939159412
839cce92-215b-4046-bc9d-5563acb531e0,Evan,Wallace,39,evan.wallace@wiseway.com,821284487,2017-03-24,5400,PL32236417744318615250785965
47b699ae-a40a-4874-a08f-cd0e56693add,Kimberly,Smith,28,kimberly.smith@wiseway.com,172016649,2015-03-06,5800,PL50392970512847139142018303
dba339c7-29d9-43f5-a88d-14d8f45abf10,Benjamin,Horton,37,benjamin.horton@wiseway.com,353191086,2017-03-04,5000,PL89423913927381028718707458
fd562520-4b42-41da-b17e-bab230a3e73b,Nicole,Li,60,nicole.li@wiseway.com,514383356,2017-02-13,5200,PL53328435190372649130474550
20fc088f-45ac-4435-a5e9-8e963281885b,Lisa,Perkins,29,lisa.perkins@wiseway.com,272929904,2018-10-15,5200,PL25904608190466087188231780
caef050e-14b6-4324-96e9-db47697b6571,Erica,Harrison,68,erica.harrison@wiseway.com,651281174,2017-06-23,5000,PL49814222123981323633062068
ad1e9566-72ab-45ce-9b2a-3602a5a6a383,Catherine,Jacobson,58,catherine.jacobson@wiseway.com,464911925,2015-02-26,5400,PL90222321605448951492178535
ea1a727c-3e12-41e6-8866-500cf0a1c597,Anthony,Gonzales,59,anthony.gonzales@wiseway.com,810580505,2015-05-09,5400,PL81259797089366502070198594
d1175108-a41d-4265-8128-0aa8e58739be,Richard,Greer,57,richard.greer@wiseway.com,337716830,2018-02-20,5400,PL44328812603859587061039796
a8651afe-b74f-42b3-9365-d37793774673,David,Myers,22,david.myers@wiseway.com,103907461,2015-12-19,5200,PL39073225315294181645705699
b1c1aaa1-a0ae-4dc8-8060-7c44e93d0789,Anthony,Garcia,59,anthony.garcia@wiseway.com,862329473,2015-04-21,4800,PL99882308375059472200930319
2e09e41f-3d67-42cc-bc53-b23f3ec92b14,Joseph,Spencer,35,joseph.spencer@wiseway.com,820749563,2015-11-18,5200,PL47024002625739984828084500
c38ad292-1d14-424b-9ca4-c86ee1bcd7c6,Aaron,Larson,38,aaron.larson@wiseway.com,658269462,2017-05-07,5400,PL24490020997432258808955058
e18b0c37-5506-4c08-b6f4-a384e0203b3a,John,Evans,35,john.evans@wiseway.com,847868861,2018-06-10,5000,PL66515657132431975892077201
8df8969f-be5b-4826-bb68-99ea9e726e26,Charles,Haley,42,charles.haley@wiseway.com,952524602,2018-09-19,4800,PL40552934959408897594151745
ef38de95-ddf0-474a-883c-5b73448296b5,Heather,Khan,68,heather.khan@wiseway.com,660041941,2018-01-22,5800,PL85556329897914854100512407
4367a04e-d46c-42fa-9786-5accff6e73b0,Jamie,Russell,30,jamie.russell@wiseway.com,157784659,2018-02-27,5200,PL48279355244838072963722533
8602e589-f901-4e96-bcfe-3f647be41337,Edward,Brown,40,edward.brown@wiseway.com,718298087,2015-06-14,5800,PL98619710572227915776040177
7f4644e5-ded4-4b68-8e95-5a6f769e6069,Victoria,Hughes,28,victoria.hughes@wiseway.com,949859973,2015-09-27,5800,PL51158638437322595551399467
89835475-1402-42e5-a6ba-6f5f7319fe45,Sharon,Richard,63,sharon.richard@wiseway.com,887472983,2016-08-26,5600,PL86866874019542105501524706
bdfbcf61-8b9f-49ab-8850-940e054da282,Donna,Blake,24,donna.blake@wiseway.com,391966156,2017-01-07,5200,PL54759903823084311363798008
6d4f54f3-c976-492d-b70f-fc038008d13d,Victoria,Hendricks,42,victoria.hendricks@wiseway.com,451784979,2015-11-21,5800,PL93988018485151051327301465
02a2ee9b-7aef-49b8-9945-e6bae43dc6ea,Ricky,Payne,52,ricky.payne@wiseway.com,513191318,2017-08-30,5400,PL73282008474566276381516552
3f86fb29-ed42-40c9-af58-13a34d37adf6,Ryan,Clarke,53,ryan.clarke@wiseway.com,126136080,2016-02-17,4800,PL60739871572004378860700913
e420dcf2-041f-4be8-a933-01aa3830ebca,Olivia,Arnold,31,olivia.arnold@wiseway.com,138942235,2017-12-17,5200,PL12879923212622632022630098
8b287f55-4581-4398-97c9-88f8a9db728b,Christopher,Santiago,18,christopher.santiago@wiseway.com,432929283,2016-09-15,5200,PL30962244463344506845420427
cde6d6c2-5fae-475a-af99-1477de689f04,Nicholas,Carter,38,nicholas.carter@wiseway.com,409540853,2016-12-18,4800,PL49156746599743503803770716
dfb25aa3-9dab-4f30-adc7-1eeae57dc5b8,Heather,Wong,63,heather.wong@wiseway.com,550802179,2017-08-16,4800,PL64348753107907562607782974
6fff16db-a586-4759-bc28-97f15d873159,Clinton,Farrell,53,clinton.farrell@wiseway.com,244186238,2018-06-28,5600,PL13713633147243422384801983
d1801703-a2ab-49f4-94cd-ebe58681af3a,Russell,Robinson,65,russell.robinson@wiseway.com,859693579,2018-03-11,5800,PL74460850551114638943326778
5bca682d-dfd4-4a21-a34b-467f94ea7d59,Christina,Hart,55,christina.hart@wiseway.com,446287587,2016-05-24,5800,PL80004102462470528009828636
67b07f0b-cd61-4df1-bff6-bb8db3188d9a,Elizabeth,Little,66,elizabeth.little@wiseway.com,107336713,2017-10-01,4800,PL84836483024347773182844373
c9da205e-352d-4ef3-9555-cf41a381f109,Andrea,Stafford,64,andrea.stafford@wiseway.com,287394000,2015-01-18,5200,PL85891632630204198736028602
e57bb98c-8b9e-4190-b447-5ff370db873c,Calvin,Gardner,60,calvin.gardner@wiseway.com,564194008,2016-08-05,5200,PL94246502956803412678004506
ffa4cd4d-d46f-4e94-a11c-8ff9b8d7bf02,Joyce,Padilla,22,joyce.padilla@wiseway.com,309442378,2018-05-26,5200,PL19846716603242658486850429
70f6bb6d-bb30-40b2-b9b7-5c129007e73e,Evan,Smith,29,evan.smith@wiseway.com,471209161,2018-10-19,5400,PL76882385525450844115790188
b4159748-855f-4d42-b7bd-6958ea888f71,Lauren,Blanchard,58,lauren.blanchard@wiseway.com,239184698,2016-07-09,5400,PL93341223194648327782310563
829c7b1f-9845-4aaa-921d-b559c097de79,Laura,Maynard,23,laura.maynard@wiseway.com,379304803,2016-12-13,5200,PL55935205920550598082416065
11d2d2ab-29a5-4989-9a87-5592426eb1d9,Kiara,Scott,64,kiara.scott@wiseway.com,711570153,2015-01-03,4800,PL66662528699290491981476928
c03eff74-acb6-4961-8042-b984e815b155,Shannon,Luna,46,shannon.luna@wiseway.com,939775689,2015-05-18,4800,PL84244244213406919411938202
420edb3f-d9fb-4475-8c86-f9d596cda99b,Stephanie,Wilson,33,stephanie.wilson@wiseway.com,413857528,2018-12-29,5000,PL15808362838482263787422186
1f040b65-e198-4c59-8739-afbd723dd240,Joel,Lee,55,joel.lee@wiseway.com,983876509,2015-03-25,4800,PL84683194613003226115348646
5ca38fbb-b072-4117-bb2f-cb37b81d07e9,Edward,Pollard,68,edward.pollard@wiseway.com,593560387,2018-09-13,5800,PL68351451331910109580647873
2f061840-70af-47dc-9f85-9eda9a27fdb8,Ebony,Mullen,28,ebony.mullen@wiseway.com,305201505,2016-09-26,5800,PL92424241480427846601595429
aaa759b8-3524-49bb-a999-df6b11afe71b,David,Bennett,59,david.bennett@wiseway.com,182302614,2016-10-30,5200,PL75691026612042612881075337
88cb16e4-2e7e-403a-85ec-501d9eb9093d,Lawrence,Williams,26,lawrence.williams@wiseway.com,152060539,2016-02-27,5000,PL97629239443036415654198414
1dbf1a38-4e7b-4f9c-8c3f-55737d13c8db,Christopher,Sullivan,43,christopher.sullivan@wiseway.com,285454629,2018-04-17,5800,PL93282433623142400961496660
0bc969ac-720f-4733-99b5-2d09138fc631,Cynthia,Williams,48,cynthia.williams@wiseway.com,602072613,2015-05-08,4800,PL14703989170216082390867928
4acd2946-3a6b-4ad3-83e5-0c8ced2d37a6,Kristen,Forbes,50,kristen.forbes@wiseway.com,648467301,2017-06-07,5200,PL99053006301242520164313629
45f71dbe-607d-4b32-b06a-a7658a42ca75,Jeffrey,Clements,31,jeffrey.clements@wiseway.com,995483934,2016-11-28,5000,PL92834958321380091024372419
911d11b1-af4c-44b8-9236-56b9067cd9c2,Rebecca,Bell,39,rebecca.bell@wiseway.com,873075747,2015-10-15,5800,PL85147286703206486421107491
cf402774-9a7c-47db-80d0-f0f0e0247ddb,Joseph,Warren,40,joseph.warren@wiseway.com,294618201,2018-11-13,5000,PL58492153467314506813948978
6d197faf-3bdf-4e1b-90c2-3ae0aa785647,Todd,Morris,43,todd.morris@wiseway.com,926247296,2018-09-06,5400,PL78244213975224193914989215
3420f092-5937-40e4-b925-21e2c5d8d590,Kristopher,Thompson,51,kristopher.thompson@wiseway.com,616632380,2017-11-03,5000,PL51645156491715955413324879
19f6dbc0-dafe-4c1e-a8a9-f7eeb380a92d,Alexandra,Frey,59,alexandra.frey@wiseway.com,747298419,2016-03-16,5800,PL28576160979069548959870589
ad5be634-fae4-4c91-b07b-bf26e8811888,David,Brown,37,david.brown@wiseway.com,198868977,2018-10-11,5000,PL47104974033745285394193093
9f52ac21-bef2-47f7-af93-5f158b51d936,Lauren,Gallagher,25,lauren.gallagher@wiseway.com,937992936,2016-08-05,5200,PL65245070164887703935212250
fdba5aa4-0437-4084-9597-ccb228c41b55,Amy,Cross,36,amy.cross@wiseway.com,472148296,2015-11-06,5000,PL43410567191247377830097276
06fb2ec7-577d-4e92-baa7-419f89985d34,Thomas,Ramirez,22,thomas.ramirez@wiseway.com,514401013,2018-06-06,4800,PL97722246971690867748741181
d9bbfb32-7883-41d4-94a2-a11083196d23,Stephen,Cooper,26,stephen.cooper@wiseway.com,652766908,2016-10-14,5600,PL33385672757140396618737126
60f87970-93e5-40c5-983e-68abfee33b5e,Elizabeth,Norton,37,elizabeth.norton@wiseway.com,110548766,2016-01-06,5200,PL61484967455292840656266043
6f5ec10a-a15a-4564-b1d7-6cceebfddb71,Andrea,Bates,45,andrea.bates@wiseway.com,406234397,2018-12-25,4800,PL15397377255029590210029045
260d65ff-1961-4f14-ad03-8fed1d6084a3,Charles,Reed,54,charles.reed@wiseway.com,846952088,2018-01-15,5200,PL86258886783402713360405292
369f9e14-a060-4630-8e78-c53b90dfa546,Thomas,George,65,thomas.george@wiseway.com,531236899,2017-05-09,5800,PL25011169780315165795610268
56c7368b-97be-40ce-913a-3aa050e459d1,Peter,Nicholson,33,peter.nicholson@wiseway.com,713425667,2017-12-02,5200,PL59190217424281181352723694
0520f716-bb38-4130-9a1a-6b3a6aa147f6,Wayne,Campbell,65,wayne.campbell@wiseway.com,200858101,2017-11-09,5800,PL69204797331999309036856304
b97678d8-a398-4fdc-b26f-417d52ee4826,Ricky,Campbell,50,ricky.campbell@wiseway.com,313415823,2018-04-01,5600,PL86102445407008007392483394
e3d0c3d0-a221-4295-a380-d8ba6d8e5180,Johnny,Clements,47,johnny.clements@wiseway.com,120187635,2015-02-06,4800,PL38744827684927732602529334
68ce4c01-6e53-4734-9986-6b0b1f38d71a,David,Ramirez,37,david.ramirez@wiseway.com,437317264,2017-10-20,5200,PL76470267328279058032669985
3e2bf7e6-e25b-42c4-ba39-23da883181c1,Nicole,Buckley,64,nicole.buckley@wiseway.com,366342553,2018-07-16,5000,PL11584232781856387725389664
f2f03262-b897-4524-8403-94ce7bb7866a,Jennifer,Dunn,55,jennifer.dunn@wiseway.com,591753775,2015-10-28,5800,PL80958222234332709578876549
58d765e7-9344-4d29-89f8-9c88596fc29f,Sonia,Mccarty,45,sonia.mccarty@wiseway.com,839190800,2018-02-13,5600,PL92001228911599804120921920
1ba22cfb-b9cc-435d-aaec-c31821cef9fc,Joe,Salas,54,joe.salas@wiseway.com,179182257,2016-04-15,5400,PL61034480155871323234301216
71a87e3b-6076-4471-b2ab-1114f2c3c793,Maria,Moore,24,maria.moore@wiseway.com,771058030,2017-08-09,5800,PL87189302530474411035825653
a4246e08-fb08-4e7e-90ca-e31a158e1d49,Keith,Hart,44,keith.hart@wiseway.com,830758039,2016-01-13,4800,PL19272112432226149860564447
6c711d04-2aa8-4274-b518-895dbef723a6,Misty,Thomas,46,misty.thomas@wiseway.com,203342561,2016-08-04,4800,PL72962337222200433814589848
d935e2ef-1d0d-4fcc-8ef7-6c0805d9b8c4,David,Conrad,28,david.conrad@wiseway.com,846589491,2015-11-11,5800,PL42005366147561782328408625
f776025f-6781-4a8f-95be-c08f1dc13695,Susan,Mills,23,susan.mills@wiseway.com,113500633,2018-09-21,4800,PL55371594415141738184876355
535a0fc3-2043-4411-9cb4-bf04b145dd90,Wendy,Gates,23,wendy.gates@wiseway.com,606237788,2015-01-26,5400,PL32633071441766037809207777
636ea8ef-2706-4e6d-a7b1-15ffb642e3d7,Lisa,Hernandez,67,lisa.hernandez@wiseway.com,731057865,2018-10-14,5400,PL60927694864025127633160059
1fae8333-c630-4926-8f16-3c9af55d2825,Cheryl,Lyons,67,cheryl.lyons@wiseway.com,330800508,2017-08-20,4800,PL83341634052152022811584915
fcdb64dc-de12-4d5b-969d-78bca9f7c978,Stephanie,Holden,55,stephanie.holden@wiseway.com,546749878,2017-02-06,4800,PL10924539675750942153346305
372afd71-7b95-40a6-9611-a85a0ae7c267,Erin,Mason,36,erin.mason@wiseway.com,741491619,2016-01-04,5200,PL33432735936680720666323723
19448dc0-d3e2-4168-8273-99d03ebfcd4b,Andrew,Jackson,28,andrew.jackson@wiseway.com,435829755,2017-05-25,5400,PL85835391534889327692766927
1e4805b3-bc62-438d-9472-da6e63a5c7e1,Ashley,Sullivan,56,ashley.sullivan@wiseway.com,501611376,2016-10-06,5400,PL39762339434497373880840495
fa125c72-7ccf-438c-8773-e6d3eecc731f,Heather,Thomas,56,heather.thomas@wiseway.com,178976971,2017-10-12,5000,PL72873344806143143923668872
0df26f77-ac66-4345-81e5-7b7c3335b5ff,Kathleen,Ramsey,35,kathleen.ramsey@wiseway.com,222839775,2016-08-23,5200,PL35760641156907320221154927
8eb60695-0152-4c1b-b59c-955883549d6e,Isabel,Davis,62,isabel.davis@wiseway.com,284065806,2018-02-04,4800,PL68964155600030847700513941
2f2fe4a4-6bbd-46e5-ae7b-819cd89852df,Bethany,Lee,30,bethany.lee@wiseway.com,988407957,2016-12-14,5200,PL57357463635923089912865259
e1153495-a8e6-4642-879e-ceae77db6338,Sonya,Hayes,45,sonya.hayes@wiseway.com,575685788,2016-01-25,5400,PL45955155424170618278836022
23c974e8-9340-45fe-a39d-b69197123a41,Larry,Henderson,18,larry.henderson@wiseway.com,245539778,2018-04-28,5200,PL80877055352381094325927529
6e9f93ec-e07d-42fc-8fc2-4b70e9d01081,Kevin,Mcintyre,44,kevin.mcintyre@wiseway.com,326211384,2018-02-21,5600,PL75913996137679486154133717
0c3f8f3b-dde3-45e8-ab06-a2397ac04c23,Janet,Gonzalez,39,janet.gonzalez@wiseway.com,139996452,2015-11-10,5600,PL20272507748295397134429141
b806e2c6-8380-44e7-a0d5-2a78ff733ab9,James,Edwards,60,james.edwards@wiseway.com,638846989,2015-11-15,5400,PL39151153855441861386601265
9f82c553-d19b-4319-b067-7e7ae2a737de,Amy,Fuentes,27,amy.fuentes@wiseway.com,407220406,2015-07-21,5000,PL65519629914646539576658619
91613cbc-9b06-4c98-8b81-6d2cb4fa132b,Chad,Webb,28,chad.webb@wiseway.com,875184490,2017-10-01,5200,PL68707311198213113868087648
d28fdecc-130a-4dd0-8539-7e05d50759d0,Stephanie,Mora,62,stephanie.mora@wiseway.com,854557298,2016-01-21,5800,PL89935402615751288518119561
741a965a-76a7-416c-91c3-2550c98a4d38,Jonathan,Bell,48,jonathan.bell@wiseway.com,967225776,2015-10-16,4800,PL82744122630811637671017439
1e5fb292-6cc8-4673-87ac-3067bb1d86a7,Christopher,Brown,48,christopher.brown@wiseway.com,889123154,2015-10-02,5000,PL57666125798065003472795461
231140b2-83a4-4cf1-b480-56ac49f0cd27,Nicole,Gonzalez,28,nicole.gonzalez@wiseway.com,913760231,2017-05-06,5400,PL53970512566815681325122443
7e42cc98-930f-4bab-b427-58c16fabbdf1,Michael,Watkins,68,michael.watkins@wiseway.com,855409684,2018-10-17,5400,PL13762758602532776279659270
d2c7c06e-0b12-448d-89cf-1f2d6cf610df,Angela,Harris,36,angela.harris@wiseway.com,667927677,2017-06-29,5000,PL44941395828429227289841826
2fa8f5a6-4b0b-4fa8-b044-399edd45ddc8,Eric,Martinez,29,eric.martinez@wiseway.com,769950212,2016-01-29,5200,PL26975867160922019360604093
7e8590a7-915e-474e-93bd-f6d696a16de5,Allen,Robertson,46,allen.robertson@wiseway.com,355714570,2017-06-11,5000,PL76469694523154604574123524
92a6cd07-7cf6-419c-92f8-30dfbf2113e7,Patricia,Williams,62,patricia.williams@wiseway.com,319563834,2016-09-11,5000,PL50574603421050894456225753
0e022c74-348a-4779-b2c2-2a5a74d07d15,Crystal,Wilcox,49,crystal.wilcox@wiseway.com,196955497,2016-08-17,4800,PL17922498332228210533960975
aa5c5add-a314-4d17-9179-c5b78afb3429,Monica,Mckinney,57,monica.mckinney@wiseway.com,889915533,2015-12-07,4800,PL87032891863735830440853466
5157d701-9d94-44fb-b258-4fe731e05a47,Emily,Manning,48,emily.manning@wiseway.com,841424160,2017-03-10,5200,PL63888191167901445532767515
b96ae770-6b3f-4601-8e6b-38466b186d17,Wayne,Porter,40,wayne.porter@wiseway.com,911077559,2016-04-04,5600,PL51329641220682655028199388
a576a2dd-b3e1-4fc7-8e87-9e4e264f2e8a,Jason,Morgan,18,jason.morgan@wiseway.com,328069856,2017-08-14,5200,PL34488411429783661969280229
9f7249f1-1250-4ed8-a3c5-bc2c6bfcdb1e,Kayla,Ryan,27,kayla.ryan@wiseway.com,176884954,2017-03-19,5000,PL17678461590424299821517717
5b649157-898d-41f5-9a61-40bc102f6a93,Emily,Joseph,58,emily.joseph@wiseway.com,192580443,2018-11-04,5000,PL16448809858013200493632396
0c092eb0-1522-4826-b5ed-489190937ea9,Ethan,Baker,29,ethan.baker@wiseway.com,977395000,2016-07-21,5200,PL99582751309154108447288956
fbf9ceaf-b02d-4ac2-bd05-876b66592d83,Cathy,Delgado,43,cathy.delgado@wiseway.com,987892599,2018-08-22,5800,PL83759575629579426996385525
9157928b-3af0-48de-bcc6-96aed95736a9,Rachel,Gould,46,rachel.gould@wiseway.com,491486987,2015-02-08,5200,PL96132589057809706947613167
3704f5fe-34b3-49d1-bad7-bc3758dd9dfb,Cameron,Garner,53,cameron.garner@wiseway.com,600989288,2018-03-26,5600,PL65258634569917985253371293
b8df6383-c620-4a7e-bcb2-a2b6331b6aa4,Jennifer,Manning,24,jennifer.manning@wiseway.com,570599778,2017-03-01,4800,PL63160256916234284446515695
e8a69c23-3ccb-4392-ac38-f42662228f99,Clifford,Summers,48,clifford.summers@wiseway.com,851184230,2015-11-17,5000,PL29212122013650391676890330
7f410b7f-7883-4ce8-9b50-d86b27cd5579,Shawn,Morales,47,shawn.morales@wiseway.com,398692684,2017-08-06,5800,PL67120263821746854826138394
1bc97fd9-d293-41f3-a657-90473b806a63,Destiny,Sandoval,19,destiny.sandoval@wiseway.com,526761687,2017-08-27,5600,PL69182903463085903007793529
43d3a047-d7f1-4b61-ba8a-2478dd93e2a6,Melanie,Roberts,27,melanie.roberts@wiseway.com,744471995,2017-10-05,5000,PL13494622201070336280007180
6ab0210e-7219-417f-80e7-84da24a6bae6,Angela,Conner,27,angela.conner@wiseway.com,497203535,2016-08-28,5200,PL72415881942086497485292268
5a8b9b7d-341b-47f6-9cb5-00b60c517429,Leah,Knight,55,leah.knight@wiseway.com,583215699,2018-07-10,5400,PL91018057675335648753397524
b1915df7-7fa5-4255-b4cb-953c5668d66d,John,Day,48,john.day@wiseway.com,745305740,2017-02-07,5800,PL80198096749549185681511677
38627eab-6523-41de-8112-a0e7b98b8faa,Timothy,Schneider,51,timothy.schneider@wiseway.com,681408865,2015-09-18,5800,PL83059325053999981753666649
3080da15-8c35-4458-a521-4d5a78375afa,Mark,Johnson,69,mark.johnson@wiseway.com,127151837,2017-07-27,5400,PL43984748525941167298608934
0f148df5-9b75-421b-8060-acf52c6cfe5e,Lauren,Turner,70,lauren.turner@wiseway.com,639425859,2017-09-13,5000,PL79537820330106957976043164
